html_id,is_emo,is_arg,is_other,trn_val
863034,0,0,0,trn
338167,0,0,0,trn
2116417,0,0,0,trn
1102399,0,0,0,trn
840399,0,0,1,trn
404308,0,0,1,trn
2038712,0,0,1,trn
902829,0,0,0,trn
838056,0,0,1,trn
1245306,0,0,1,trn
747417,0,0,0,trn
2119137,0,0,0,trn
715511,0,0,1,trn
1218055,0,0,1,trn
2158091,0,0,1,trn
2046994,0,0,0,trn
1356864,0,0,1,trn
557867,0,0,0,trn
1389409,0,0,0,trn
2243142,0,0,1,trn
1142282,0,0,1,trn
941999,0,0,0,trn
1637838,0,0,0,trn
1391409,0,0,0,trn
1391326,0,0,1,trn
2004778,0,0,0,trn
1549201,0,0,1,trn
532243,0,0,1,trn
2317835,0,0,0,trn
892228,1,0,0,trn
1899054,0,0,1,trn
2234864,0,0,0,trn
2263729,0,0,0,trn
1608299,0,0,1,trn
1036240,0,0,1,trn
1742926,0,0,1,trn
1501866,0,0,0,trn
1531476,0,0,0,trn
1520171,0,0,0,trn
2354213,0,0,1,trn
1843072,0,0,1,trn
1272673,0,0,1,trn
75646,0,0,1,trn
1890339,0,0,0,trn
2163888,0,0,1,trn
1081080,0,0,0,trn
2250419,0,0,0,trn
970512,0,0,0,trn
1309437,0,0,0,trn
556592,0,0,0,trn
1973706,0,1,0,trn
1142113,0,0,1,trn
923707,0,0,1,trn
1933797,0,0,0,trn
147506,0,0,0,trn
2271438,0,0,0,trn
1894865,0,0,0,trn
122515,0,0,1,trn
393143,0,0,0,trn
350733,0,0,1,trn
1224423,0,0,0,trn
799445,0,0,1,trn
1217191,0,0,0,trn
1095390,0,0,0,trn
987396,0,0,0,trn
1276696,1,1,0,trn
591106,0,0,1,trn
1051092,1,0,0,trn
526828,0,0,0,trn
1724421,0,0,0,trn
1088897,0,0,1,trn
878633,1,0,0,trn
1316080,0,0,1,trn
336148,0,0,1,trn
1536412,0,0,0,trn
1162820,0,0,0,trn
1651479,0,0,0,trn
2005905,0,0,1,trn
967730,0,0,0,trn
2108833,0,0,1,trn
2241480,0,0,0,trn
133969,1,0,0,trn
534716,0,0,0,trn
1634908,0,0,0,trn
871430,0,0,1,trn
1263199,1,0,0,trn
753420,0,0,0,trn
1457640,1,0,0,trn
839626,0,0,1,trn
1193054,0,0,1,trn
2076504,0,0,1,trn
872758,0,0,0,trn
1261905,0,0,1,trn
839714,0,0,1,trn
249686,0,0,1,trn
1006284,0,0,0,trn
1424518,0,0,1,trn
1601352,0,0,1,trn
1714560,0,0,1,trn
226146,0,0,0,trn
1790891,0,0,1,trn
1110536,0,0,0,trn
1496693,1,0,0,trn
1081723,0,0,0,trn
912082,0,0,0,trn
1077657,0,0,0,trn
1017042,0,0,0,trn
1763393,0,0,0,trn
1031029,0,0,0,trn
2075095,0,0,0,trn
1316776,0,0,0,trn
177624,0,0,0,trn
501391,0,0,1,trn
2058138,0,0,0,trn
320527,0,0,0,trn
2053023,1,0,0,trn
609319,0,0,0,trn
2008161,0,0,1,trn
2017406,0,0,0,trn
914321,0,0,0,trn
2073695,0,0,1,trn
1232677,0,0,0,trn
1636166,1,0,0,trn
1813236,0,0,1,trn
216004,0,0,1,trn
903819,0,0,0,trn
2167742,0,0,0,trn
1325210,0,0,0,trn
2348074,0,0,0,trn
354998,0,0,1,trn
1700736,0,0,1,trn
1835740,0,0,1,trn
1355777,0,0,0,trn
1611134,0,0,1,trn
920194,0,0,1,trn
1723028,0,0,0,trn
1306082,0,0,1,trn
712652,0,0,1,trn
1518011,0,0,1,trn
1343195,0,0,0,trn
1929966,0,0,0,trn
1795442,0,0,0,trn
701376,0,0,0,trn
1057935,0,0,1,trn
1128227,0,0,1,trn
1091607,0,0,1,trn
939922,0,0,0,trn
1819127,0,0,0,trn
299381,0,0,0,trn
1833258,0,0,1,trn
861023,0,0,0,trn
2243379,0,0,1,trn
146339,0,0,1,trn
600647,0,0,1,trn
587941,0,0,1,trn
445314,0,0,1,trn
333366,0,0,0,trn
1785296,0,0,1,trn
927224,0,0,1,trn
2000985,1,0,0,trn
1091899,0,0,0,trn
1840896,0,0,0,trn
2229924,0,0,0,trn
2373386,0,0,1,trn
1465971,0,0,1,trn
497807,0,0,1,trn
1291007,0,0,0,trn
1700126,0,0,0,trn
1661653,0,0,0,trn
2380393,0,0,1,trn
1265847,0,0,1,trn
731344,1,0,0,trn
932797,0,0,1,trn
2260254,0,0,1,trn
858443,0,0,0,trn
860311,0,0,0,trn
1389811,0,0,1,trn
1135373,0,0,1,trn
357139,0,0,0,trn
2112181,0,0,1,trn
1467324,0,0,0,trn
1671736,0,0,1,trn
1839619,0,0,0,trn
965233,0,0,1,trn
142394,0,0,1,trn
2047926,0,0,1,trn
2206380,0,0,0,trn
1465270,0,0,1,trn
1717186,0,0,0,trn
1972152,0,0,1,trn
840536,0,0,1,trn
877009,0,0,1,trn
1601531,0,0,1,trn
944572,0,0,0,trn
1570987,0,0,0,trn
1017223,0,0,1,trn
1448972,0,0,1,trn
175127,0,0,0,trn
1242727,0,0,1,trn
2278827,0,0,1,trn
956633,0,0,1,trn
1047893,0,0,0,trn
2292443,0,0,1,trn
435781,0,0,0,trn
887548,0,0,0,trn
1858281,0,0,1,trn
912865,0,0,1,trn
606527,1,0,0,trn
625576,0,0,1,trn
890663,0,0,1,trn
2311386,0,0,1,trn
1065141,0,0,0,trn
1115545,0,0,0,trn
922440,0,0,0,trn
954849,0,0,1,trn
1027514,1,0,0,trn
349951,0,0,1,trn
1719566,0,0,1,trn
1533250,0,0,0,trn
1315432,0,0,1,trn
1277534,0,0,1,trn
658966,0,0,0,trn
2128739,0,0,0,trn
848250,0,0,1,trn
2270260,1,0,0,trn
2317450,0,0,1,trn
1824473,0,0,1,trn
2359287,0,0,1,trn
852957,0,0,1,trn
983157,0,0,0,trn
1609391,0,0,0,trn
974953,0,0,0,trn
1226852,0,0,1,trn
476136,0,0,0,trn
1328219,0,0,0,trn
2200456,0,0,1,trn
632993,0,0,1,trn
2211644,0,0,1,trn
2229155,0,0,0,trn
140143,0,0,1,trn
2302901,0,0,1,trn
958011,0,0,0,trn
2325355,0,0,0,trn
2302319,0,0,0,trn
2117744,0,0,0,trn
273044,0,0,1,trn
2192373,0,0,1,trn
151567,0,0,1,trn
1380322,0,0,0,trn
2149612,0,0,1,trn
1678929,0,0,1,trn
1441152,0,0,1,trn
293641,0,0,0,trn
2313769,0,0,0,trn
1257842,0,0,1,trn
2131711,0,0,1,trn
887498,0,0,1,trn
472505,0,0,0,trn
52244,0,0,0,trn
327120,0,0,1,trn
748102,0,0,0,trn
592412,0,0,0,trn
159465,0,0,0,trn
3752,1,0,0,trn
839196,0,0,1,trn
571191,0,0,0,trn
950804,0,0,1,trn
331204,0,0,1,trn
212716,0,0,0,trn
858885,0,0,0,trn
574495,0,0,1,trn
929836,0,0,0,trn
122957,1,0,0,trn
992823,0,0,0,trn
175761,0,0,0,trn
858586,0,0,0,trn
958510,0,0,1,trn
676526,0,0,1,trn
641574,0,0,1,trn
715629,0,0,1,trn
119265,0,0,1,trn
341840,0,0,0,trn
910035,0,0,0,trn
382241,0,0,1,trn
659247,1,0,0,trn
953189,0,0,1,trn
533787,0,0,0,trn
60418,0,0,0,trn
988761,0,0,0,trn
941420,0,0,1,trn
340525,0,0,1,trn
295246,0,0,0,trn
123207,0,0,0,trn
911675,0,0,0,trn
421352,0,0,1,trn
92076,0,0,1,trn
769381,0,0,0,trn
615178,0,0,0,trn
133449,0,0,0,trn
956512,0,0,0,trn
868246,0,0,0,trn
218913,0,0,1,trn
97863,0,0,0,trn
944393,0,0,0,trn
52623,0,0,1,trn
519775,0,0,0,trn
536728,0,0,1,trn
955149,0,0,1,trn
891586,0,0,1,trn
693611,0,0,0,trn
958970,0,0,1,trn
376587,0,0,1,trn
551241,0,0,1,trn
940906,0,0,0,trn
650758,0,0,1,trn
933612,0,0,1,trn
899737,0,0,1,trn
497307,0,0,1,trn
268586,0,0,1,trn
943192,0,0,1,trn
238589,0,0,1,trn
549733,0,0,0,trn
345924,0,0,0,trn
390962,0,0,0,trn
784457,0,0,1,trn
530495,0,0,0,trn
915670,0,0,0,trn
293047,0,0,0,trn
106492,0,0,0,trn
664970,0,0,1,trn
256637,0,0,0,trn
921268,0,0,0,trn
118650,0,0,0,trn
923067,0,0,1,trn
182162,0,0,0,trn
341680,0,0,0,trn
62184,0,0,0,trn
906690,0,0,1,trn
59372,1,0,0,trn
893602,0,0,0,trn
98551,0,0,1,trn
861345,0,0,1,trn
318664,0,0,0,trn
162662,0,0,0,trn
857008,0,0,0,trn
594128,0,0,1,trn
28178,0,0,0,trn
886240,0,0,0,trn
15089,0,0,1,trn
620416,0,0,0,trn
563891,0,0,1,trn
987284,0,0,0,trn
232334,0,0,0,trn
615276,0,0,1,trn
464865,0,0,1,trn
376922,0,0,1,trn
568923,0,0,0,trn
31725,0,0,1,trn
724935,0,0,1,trn
868657,0,0,1,trn
984077,0,0,1,trn
435373,0,0,0,trn
440492,0,0,0,trn
743746,0,0,1,trn
932647,0,0,1,trn
695000,1,0,0,trn
218030,0,0,0,trn
761088,0,0,0,trn
720363,0,0,1,trn
342584,0,0,0,trn
534492,0,0,1,trn
499065,0,0,0,trn
365552,0,0,0,trn
323491,0,0,1,trn
303697,0,0,1,trn
78506,1,0,0,trn
114683,0,0,0,trn
315973,0,0,0,trn
533852,0,0,0,trn
437603,0,0,0,trn
853810,0,0,0,trn
290708,0,0,1,trn
808771,0,0,1,trn
323363,0,0,1,trn
1710257,1,0,0,trn
2283735,1,0,0,trn
1064692,0,0,0,trn
2063597,0,0,0,trn
1641632,0,0,1,trn
1448956,0,0,0,trn
167537,1,1,0,trn
1766098,0,0,1,trn
1822750,0,0,1,trn
2380366,0,0,0,trn
556297,0,0,0,trn
2047710,0,0,1,trn
1485614,0,0,1,trn
2124905,0,0,0,trn
1656613,0,0,1,trn
2038951,0,0,0,trn
912853,0,0,1,trn
1657576,0,0,1,trn
1775140,0,0,1,trn
721805,1,0,0,trn
1079511,0,0,1,trn
436982,0,0,1,trn
1842174,0,0,1,trn
641248,0,0,0,trn
2309,0,0,1,trn
398620,0,0,1,trn
915665,0,0,1,trn
115649,0,0,1,trn
865741,0,0,1,trn
1767596,0,0,0,trn
1876869,0,0,1,trn
2155752,0,0,0,trn
827614,0,0,0,trn
194773,0,0,0,trn
1093042,0,1,0,trn
1427309,0,0,0,trn
2219649,0,0,0,trn
254850,0,0,0,trn
2064191,0,0,0,trn
2319644,0,0,0,trn
1008132,0,0,0,trn
856967,0,0,1,trn
2028849,0,0,0,trn
2127855,0,0,0,trn
2366708,0,0,1,trn
464314,0,0,1,trn
1251839,0,0,0,trn
1079317,0,0,0,trn
1222319,0,0,1,trn
1690523,1,0,0,trn
2250963,0,0,0,trn
1524537,0,0,1,trn
955516,0,0,0,trn
17165,0,0,0,trn
598327,0,0,1,trn
1606981,0,0,1,trn
1459304,0,0,1,trn
1081464,0,0,0,trn
1094674,1,0,0,trn
1073419,0,0,0,trn
1734908,0,0,1,trn
541459,0,0,1,trn
138559,0,0,0,trn
15097,0,0,0,trn
758149,0,0,1,trn
777024,0,0,0,trn
569899,0,0,1,trn
893146,0,0,1,trn
703536,1,0,0,trn
124310,0,0,1,trn
855428,0,0,0,trn
354946,0,0,1,trn
553205,0,0,0,trn
810591,0,0,1,trn
526661,0,0,0,trn
790957,0,0,1,trn
425116,0,0,0,trn
914695,0,0,1,trn
798921,0,0,1,trn
128128,0,0,0,trn
252442,0,0,0,trn
856219,0,0,0,trn
951501,0,0,0,trn
253111,0,0,0,trn
421080,0,0,1,trn
30929,0,0,0,trn
582580,0,0,1,trn
556023,0,0,0,trn
504387,0,0,0,trn
867266,0,0,0,trn
609830,0,0,1,trn
889011,0,0,1,trn
697376,0,0,0,trn
322699,1,0,0,trn
917464,0,0,1,trn
667998,0,0,0,trn
348755,0,0,1,trn
683272,0,0,0,trn
603158,0,0,1,trn
301139,0,0,0,trn
366224,1,0,0,trn
435074,0,0,1,trn
773808,1,0,0,trn
289772,0,0,0,trn
823862,0,0,0,trn
261518,0,0,0,trn
833699,0,0,1,trn
810750,0,0,1,trn
399191,0,0,1,trn
252975,0,0,0,trn
917590,0,0,0,trn
704708,0,0,0,trn
768517,0,0,0,trn
259180,0,0,1,trn
528536,0,0,0,trn
842585,0,0,0,trn
17422,0,0,0,trn
456344,0,0,1,trn
452803,0,0,0,trn
32287,0,0,1,trn
23476,0,0,0,trn
965198,0,0,0,trn
451957,0,0,0,trn
686816,0,0,1,trn
882849,0,1,0,trn
2229359,0,0,0,trn
423985,0,0,0,trn
1670190,0,0,1,trn
1432376,0,0,0,trn
667416,0,0,1,trn
1975204,0,0,1,trn
1434494,0,0,1,trn
368985,0,0,0,trn
719959,0,0,1,trn
519873,0,0,1,trn
1500479,0,0,0,trn
1100404,0,0,1,trn
1078104,0,0,0,trn
2236693,0,0,1,trn
2176421,0,0,0,trn
1458551,0,0,1,trn
479012,0,0,0,trn
869848,0,0,0,trn
1816149,0,0,1,trn
839728,0,0,1,trn
1286030,0,0,0,trn
1364865,0,0,1,trn
143994,0,0,1,trn
375268,0,0,0,trn
284465,1,0,0,trn
1259292,0,0,0,trn
1660235,0,0,0,trn
701527,0,0,0,trn
520022,0,0,0,trn
2206426,0,0,1,trn
1174346,0,0,0,trn
1302862,0,0,1,trn
344384,0,0,1,trn
1820645,0,0,0,trn
2105330,0,0,0,trn
134035,0,0,0,trn
1925768,0,0,0,trn
1006272,0,0,1,trn
1231820,0,0,1,trn
1207358,1,0,0,trn
1590116,0,0,1,trn
2220943,0,0,0,trn
684603,0,0,0,trn
1697079,0,0,0,trn
1187466,0,0,0,trn
99402,0,0,1,trn
910823,0,0,1,trn
738260,0,0,1,trn
284471,0,0,1,trn
776288,0,0,1,trn
740961,0,0,0,trn
1896985,0,0,1,trn
2277741,0,0,0,trn
838218,0,0,1,trn
851346,0,0,0,trn
1839104,0,0,0,trn
1899076,1,0,0,trn
1184191,0,0,1,trn
567169,0,0,1,trn
1929047,0,0,0,trn
2195307,0,0,0,trn
1536815,0,0,1,trn
734411,1,0,0,trn
580178,0,0,0,trn
2050136,0,0,0,trn
71862,0,0,1,trn
839439,0,0,1,trn
1196429,0,0,0,trn
538175,0,0,1,trn
1869839,0,0,0,trn
92465,0,0,0,trn
1222763,0,0,0,trn
961739,0,0,1,trn
414904,0,0,0,trn
1456471,0,0,1,trn
82422,0,0,0,trn
302172,0,0,0,trn
2205078,0,0,1,trn
1683834,0,0,0,trn
886065,0,0,1,trn
312637,0,0,1,trn
1342506,0,0,1,trn
836110,0,0,1,trn
1427426,0,0,1,trn
2297365,0,0,1,trn
952658,0,0,1,trn
2112626,0,0,1,trn
1050379,1,1,0,trn
1889018,0,0,1,trn
541194,0,0,0,trn
1682763,0,0,0,trn
2209088,1,0,0,trn
212515,0,0,1,trn
957669,0,0,1,trn
627112,0,0,0,trn
2114667,0,0,1,trn
1781039,0,0,0,trn
1223059,0,0,1,trn
1154773,0,0,0,trn
1210566,0,0,0,trn
292025,0,0,1,trn
1252411,0,0,0,trn
1321693,0,0,0,trn
1380001,0,0,1,trn
54965,0,0,1,trn
2083028,0,0,1,trn
138423,0,0,0,trn
1586953,1,0,0,trn
981548,1,0,0,trn
2191337,0,0,1,trn
1789179,0,0,1,trn
829920,0,0,0,trn
1024771,1,0,0,trn
1192275,0,0,0,trn
852726,0,0,1,trn
1628403,0,0,1,trn
1584669,0,0,1,trn
1297696,0,0,1,trn
1625788,0,0,0,trn
914176,1,0,0,trn
1958183,0,0,1,trn
975708,0,0,1,trn
2187134,0,0,1,trn
1692893,0,0,0,trn
257034,0,0,1,trn
638479,0,0,1,trn
2071187,0,0,0,trn
1700133,0,0,1,trn
677405,0,0,0,trn
1050799,0,0,0,trn
507070,0,0,1,trn
51144,0,0,1,trn
2174586,0,0,0,trn
109309,0,0,0,trn
1599144,0,0,0,trn
727349,0,0,0,trn
953222,1,0,0,trn
2214107,0,0,0,trn
2174412,0,0,0,trn
319275,1,0,0,trn
1091112,0,0,0,trn
2358098,0,0,0,trn
1385089,1,0,0,trn
394443,0,0,0,trn
1859479,0,0,1,trn
2356452,0,0,1,trn
897251,0,0,0,trn
1155947,0,0,1,trn
1738047,0,0,0,trn
716686,0,0,1,trn
840066,0,0,1,trn
1453471,0,0,0,trn
1798023,0,0,0,trn
1279512,0,0,0,trn
1018264,0,0,0,trn
1276425,0,0,1,trn
1058246,0,0,1,trn
295445,0,0,0,trn
1747958,0,0,0,trn
1716208,0,0,0,trn
101237,0,0,1,trn
1163208,0,0,1,trn
1086180,0,0,1,trn
2374330,0,0,1,trn
694197,0,0,0,trn
1502033,0,0,1,trn
1427074,0,0,0,trn
943767,0,0,0,trn
2206738,0,0,1,trn
1817595,0,0,1,trn
1176827,0,0,1,trn
856639,0,0,1,trn
639498,0,0,1,trn
2182482,0,0,0,trn
1135039,0,0,1,trn
1330181,0,0,1,trn
1281563,0,0,1,trn
1149394,0,0,0,trn
445088,0,0,1,trn
1314111,0,0,1,trn
549027,0,0,1,trn
1225066,0,0,1,trn
2296663,0,0,0,trn
839567,0,0,0,trn
743991,0,0,1,trn
1017019,0,0,1,trn
1605724,1,0,0,trn
806876,0,0,1,trn
532425,0,0,0,trn
1791085,0,0,1,trn
919274,0,0,1,trn
1658241,0,0,1,trn
1080138,0,0,1,trn
1773793,0,0,0,trn
112535,0,0,0,trn
2175355,0,0,0,trn
1379567,0,0,1,trn
1238689,0,0,1,trn
1477841,1,0,0,trn
1253319,0,0,0,trn
857695,0,0,1,trn
864998,0,0,0,trn
1661289,0,0,0,trn
281801,0,0,1,trn
851793,0,0,1,trn
2098454,0,0,1,trn
1618987,1,1,0,trn
2224018,0,0,0,trn
73874,0,0,1,trn
1272583,0,0,1,trn
999178,0,0,0,trn
1319227,0,0,0,trn
448899,1,1,0,trn
1274875,0,0,0,trn
1590122,0,0,0,trn
2297018,0,0,0,trn
1379172,0,0,0,trn
866195,0,0,0,trn
798115,0,0,0,trn
1579813,0,0,1,trn
2035564,0,0,0,trn
644094,0,0,0,trn
1619667,0,0,0,trn
1015339,0,0,0,trn
1413779,0,0,0,trn
1134670,0,0,0,trn
1467706,0,0,0,trn
1275386,1,0,0,trn
1720051,0,0,1,trn
2183141,0,0,0,trn
852754,0,0,0,trn
891702,0,0,1,trn
1093932,0,0,1,trn
1397343,1,0,0,trn
1804865,0,0,1,trn
1428377,0,0,0,trn
565267,0,0,1,trn
1318205,0,0,1,trn
1992978,0,0,1,trn
995787,0,0,1,trn
996763,0,0,1,trn
1619684,0,0,0,trn
2319262,1,0,0,trn
2139923,0,0,0,trn
1673489,0,0,1,trn
847264,0,0,0,trn
1794522,0,0,1,trn
903330,0,0,1,trn
1457218,0,0,1,trn
808161,0,0,1,trn
1776532,0,0,1,trn
2003631,0,0,1,trn
358842,0,0,0,trn
1216296,0,0,0,trn
950676,0,0,0,trn
1220166,0,0,0,trn
582888,0,0,1,trn
1368855,0,0,0,trn
443112,0,0,1,trn
1636779,0,0,0,trn
149625,0,0,0,trn
926265,0,0,1,trn
468941,0,0,0,trn
2059265,0,0,1,trn
1579941,0,0,0,trn
580404,0,0,1,trn
2032086,0,0,1,trn
1685925,0,0,1,trn
1435950,0,0,0,trn
2073334,0,0,0,trn
1160875,1,1,0,trn
536248,0,0,0,trn
2146197,0,0,1,trn
1035646,0,0,1,trn
1385681,0,0,1,trn
1070696,0,0,0,trn
1763490,0,0,1,trn
2320324,0,0,1,trn
596423,0,0,1,trn
284472,0,0,1,trn
2105324,0,0,0,trn
1222767,0,0,0,trn
348648,0,0,1,trn
686243,0,0,1,trn
2190243,0,0,1,trn
1965846,0,0,0,trn
1359398,0,0,1,trn
1168579,0,0,0,trn
1827550,0,0,0,trn
115561,0,0,0,trn
1011066,0,0,1,trn
2140110,0,0,1,trn
352970,0,0,0,trn
1617232,0,0,1,trn
889516,0,0,0,trn
850909,0,0,1,trn
1043045,0,0,0,trn
1867227,0,0,1,trn
262769,0,0,0,trn
883504,0,0,0,trn
1606620,0,0,1,trn
1037652,0,0,0,trn
297025,1,0,0,trn
1299713,0,0,1,trn
1704327,0,0,0,trn
2228889,0,0,0,trn
1683306,0,0,1,trn
1450850,0,0,0,trn
2246429,0,0,0,trn
1919231,0,0,1,trn
1052788,0,0,1,trn
2278088,0,0,1,trn
838584,0,0,1,trn
1363543,0,0,1,trn
1911391,0,0,0,trn
963713,0,0,0,trn
2336091,0,0,1,trn
1787340,0,0,0,trn
1892901,0,0,1,trn
1607993,0,0,1,trn
1391553,1,0,0,trn
845563,0,0,1,trn
1276976,0,0,0,trn
255717,0,0,0,trn
891972,0,0,0,trn
334297,0,0,0,trn
1924327,0,0,0,trn
1240051,0,0,0,trn
1316756,0,0,1,trn
1915448,0,0,0,trn
1442606,0,0,1,trn
1552062,0,0,0,trn
950554,0,0,0,trn
1275397,0,0,1,trn
922010,0,0,0,trn
1343137,0,0,1,trn
924256,0,0,0,trn
378537,0,0,0,trn
1659182,0,0,0,trn
762237,0,0,1,trn
2311694,0,0,1,trn
1303777,0,0,0,trn
852964,0,0,0,trn
864259,0,0,0,trn
1561955,0,0,1,trn
98130,1,0,0,trn
2038726,0,0,1,trn
603873,0,0,1,trn
898085,0,0,0,trn
1577457,0,0,0,trn
807848,0,0,1,trn
2328166,0,0,0,trn
1285832,0,0,0,trn
300630,0,0,0,trn
1647392,1,0,0,trn
902995,0,0,1,trn
33756,0,0,1,trn
2112776,0,0,1,trn
2292647,1,0,0,trn
829266,0,0,1,trn
863978,0,0,1,trn
1027774,0,0,1,trn
2117277,0,0,0,trn
542257,0,0,0,trn
1581932,0,0,0,trn
1919444,0,0,1,trn
1250723,0,0,0,trn
923028,0,0,0,trn
1358079,0,0,0,trn
89358,0,0,1,trn
2389371,1,0,0,trn
765037,0,0,1,trn
616320,0,0,0,trn
1174787,0,0,0,trn
1075804,0,0,1,trn
2176050,0,0,0,trn
148571,0,0,1,trn
878594,0,0,0,trn
1617109,0,0,1,trn
1718680,0,0,0,trn
459869,0,0,1,trn
837982,0,0,1,trn
1534798,0,0,1,trn
1549986,0,0,1,trn
1283505,0,0,1,trn
1215375,0,0,1,trn
1737571,0,0,0,trn
1801828,0,0,0,trn
542447,0,0,0,trn
999606,0,0,1,trn
906748,0,0,0,trn
1102263,0,0,0,trn
6029,0,0,1,trn
499578,0,0,1,trn
1096808,0,0,0,trn
1558711,0,0,0,trn
728508,0,0,1,trn
80113,0,0,1,trn
1772927,0,0,0,trn
929907,0,0,1,trn
2211146,0,0,1,trn
1637319,0,0,1,trn
1389290,0,0,0,trn
511431,0,0,1,trn
2205087,0,0,1,trn
852850,0,0,1,trn
583393,0,0,1,trn
946187,0,0,1,trn
133943,0,0,1,trn
893169,0,0,0,trn
291080,0,0,1,trn
2020235,0,0,0,trn
851016,0,0,1,trn
343774,0,0,0,trn
2330512,0,0,1,trn
1652396,0,0,0,trn
2265244,1,1,0,trn
209441,0,0,1,trn
1733436,0,0,1,trn
654123,0,0,1,trn
1094948,0,0,0,trn
2075965,0,0,0,trn
2231877,0,0,0,trn
1635774,0,0,1,trn
1066832,0,0,0,trn
1492224,0,0,1,trn
1305447,0,0,1,trn
1681547,1,0,0,trn
2203956,0,0,0,trn
1715820,0,0,0,trn
1509648,0,0,0,trn
2207111,0,0,0,trn
1938503,0,0,1,trn
1944039,1,0,0,trn
58742,0,0,1,trn
2342592,0,0,0,trn
846525,0,0,0,trn
888258,0,0,0,trn
2330380,0,0,1,trn
900828,0,0,1,trn
839227,0,0,0,trn
2326562,0,0,0,trn
667464,0,0,1,trn
82302,0,0,0,trn
1946790,0,0,0,trn
572444,0,0,0,trn
2087983,0,0,0,trn
1058536,0,0,1,trn
1734949,0,0,0,trn
756816,0,0,1,trn
1019813,1,0,0,trn
1800547,0,0,1,trn
2206836,0,0,1,trn
851386,0,0,1,trn
453429,0,0,0,trn
1824822,0,0,1,trn
1660127,0,0,0,trn
718721,0,0,1,trn
2108019,0,0,0,trn
358160,0,0,1,trn
1493691,0,0,1,trn
2131396,0,0,1,trn
1791824,0,0,1,trn
935516,0,0,1,trn
1281820,0,0,1,trn
1017487,0,0,1,trn
2256549,0,0,0,trn
2245734,0,0,0,trn
1462005,0,0,0,trn
1273844,0,0,1,trn
1885282,0,0,0,trn
2316316,0,0,1,trn
2165482,0,0,0,trn
580204,0,0,0,trn
904124,0,0,0,trn
2096112,0,0,1,trn
119115,0,0,1,trn
1073791,0,0,0,trn
200953,0,0,0,trn
285881,0,0,0,trn
2277539,0,0,1,trn
2274800,0,0,1,trn
1720381,0,0,1,trn
22181,0,0,0,trn
2198738,0,0,0,trn
1951160,0,0,1,trn
2277449,0,0,1,trn
2043542,1,0,0,trn
1903967,0,0,1,trn
1726621,0,0,1,trn
2271935,0,0,1,trn
2243355,1,0,0,trn
292986,0,0,0,trn
1519094,0,0,1,trn
850569,0,0,1,trn
1013235,0,0,0,trn
1126488,0,0,1,trn
922662,0,0,0,trn
1010783,0,0,1,trn
1151731,0,0,1,trn
1438518,0,0,1,trn
489671,0,0,0,trn
449437,0,0,1,trn
1042986,0,0,1,trn
976618,0,0,0,trn
672005,0,0,0,trn
2291264,0,0,1,trn
398304,0,0,0,trn
1221096,0,0,0,trn
500876,0,0,1,trn
201995,0,0,1,trn
749248,0,0,0,trn
587925,0,0,0,trn
221640,0,0,1,trn
357850,0,0,0,trn
15919,0,0,0,trn
265166,1,0,0,trn
972621,0,0,1,trn
351173,0,0,0,trn
398176,1,0,0,trn
559901,0,0,0,trn
207727,0,0,0,trn
219410,0,0,1,trn
84120,0,0,1,trn
178533,0,0,1,trn
36284,0,0,1,trn
878286,0,0,0,trn
738776,0,0,1,trn
144045,0,0,1,trn
219354,0,0,1,trn
909602,0,0,1,trn
656400,0,0,0,trn
151057,0,0,0,trn
371993,0,0,1,trn
910930,0,0,0,trn
571205,0,0,0,trn
54690,0,0,0,trn
506335,0,0,1,trn
82947,0,0,0,trn
737808,0,0,0,trn
227236,0,0,0,trn
96844,0,0,0,trn
823536,0,0,0,trn
938446,0,0,0,trn
768948,0,0,1,trn
606944,0,0,0,trn
497569,0,0,1,trn
843808,0,0,1,trn
765711,0,0,0,trn
992993,0,0,0,trn
848743,0,0,0,trn
719216,0,0,1,trn
14564,0,0,1,trn
722045,0,0,1,trn
911984,0,0,0,trn
98723,0,0,0,trn
777434,0,0,1,trn
513830,0,0,0,trn
283026,0,0,0,trn
424394,0,0,1,trn
663041,0,0,1,trn
55821,1,0,0,trn
529561,0,0,0,trn
793916,0,0,1,trn
923823,0,0,1,trn
133922,0,0,0,trn
26124,0,0,0,trn
25418,1,1,0,trn
413218,0,0,1,trn
994071,0,0,0,trn
846702,0,0,0,trn
422546,0,0,0,trn
467368,0,0,0,trn
862106,0,0,1,trn
639694,0,0,0,trn
768891,1,0,0,trn
848999,0,0,0,trn
206788,0,0,0,trn
23120,1,0,0,trn
917602,0,0,0,trn
912451,1,0,0,trn
861678,0,0,0,trn
4672,0,0,1,trn
908977,0,0,0,trn
676330,0,0,0,trn
87481,0,0,0,trn
935766,0,0,1,trn
565610,0,0,1,trn
934518,0,0,0,trn
529532,0,0,1,trn
554939,0,0,0,trn
751287,0,0,1,trn
927718,0,0,0,trn
759959,0,0,1,trn
723383,1,1,0,trn
569021,0,0,1,trn
46864,0,0,1,trn
314980,0,0,0,trn
75069,0,0,0,trn
453197,0,0,1,trn
118572,0,0,1,trn
791436,0,0,1,trn
548346,0,1,0,trn
88138,0,0,1,trn
124204,0,0,1,trn
398169,0,0,0,trn
324076,0,0,0,trn
25734,0,0,0,trn
540821,0,0,0,trn
88135,0,0,0,trn
289464,0,0,0,trn
387145,0,0,1,trn
139543,0,0,0,trn
890243,1,1,0,trn
16765,0,0,0,trn
975002,0,0,1,trn
64921,1,0,0,trn
242937,0,0,0,trn
842607,0,0,1,trn
677336,0,0,1,trn
406902,0,0,0,trn
987613,0,0,1,trn
580413,0,0,1,trn
308068,0,0,0,trn
634667,0,0,0,trn
692734,0,0,0,trn
952966,0,0,0,trn
981958,0,0,0,trn
953072,0,0,1,trn
553667,0,0,1,trn
304351,0,0,0,trn
298401,1,0,0,trn
626865,0,0,0,trn
539270,0,0,0,trn
701048,0,0,0,trn
976816,0,0,0,trn
456273,0,0,0,trn
703042,0,0,0,trn
96895,0,0,1,trn
608621,0,0,0,trn
407080,0,0,1,trn
25783,0,0,1,trn
566955,0,0,0,trn
431557,1,0,0,trn
462946,0,0,0,trn
232657,1,1,0,trn
68764,1,0,0,trn
197563,1,1,0,trn
327988,0,0,0,trn
643749,0,0,0,trn
288212,0,0,0,trn
451201,0,0,1,trn
148829,0,0,1,trn
277367,0,0,1,trn
238059,0,0,1,trn
586094,0,0,1,trn
764413,0,0,1,trn
375058,0,0,1,trn
237549,0,0,0,trn
644382,0,0,0,trn
728939,0,0,0,trn
592924,0,0,1,trn
475254,0,0,1,trn
821198,0,0,0,trn
787248,1,0,0,trn
464037,0,0,0,trn
590908,0,0,1,trn
695997,0,0,1,trn
536163,0,0,1,trn
315358,0,0,0,trn
536037,0,0,1,trn
560417,0,0,0,trn
587763,0,0,0,trn
179357,0,0,0,trn
395903,0,0,1,trn
167729,0,0,1,trn
717945,0,0,1,trn
631845,0,0,0,trn
506621,0,0,1,trn
84441,0,0,1,trn
99403,0,0,1,trn
761745,0,0,1,trn
533196,0,0,0,trn
51645,0,0,1,trn
142362,0,0,1,trn
814175,0,0,1,trn
548419,0,0,1,trn
601790,0,0,1,trn
6545,0,0,1,trn
675391,0,0,0,trn
763239,0,0,0,trn
198596,0,0,1,trn
530828,0,0,0,trn
353036,1,0,0,trn
793754,0,0,1,trn
178043,0,0,1,trn
130603,0,0,1,trn
534572,0,0,0,trn
479329,0,0,1,trn
175898,0,0,1,trn
392623,0,0,1,trn
72321,0,0,0,trn
71601,0,0,1,trn
120768,0,0,1,trn
666995,0,0,0,trn
382251,0,0,1,trn
330652,1,1,0,trn
545585,1,0,0,trn
432630,0,0,1,trn
457054,0,0,1,trn
318857,0,0,1,trn
509287,0,0,0,trn
317686,0,0,1,trn
195128,0,0,0,trn
693732,0,0,0,trn
211023,0,0,1,trn
294106,0,0,1,trn
234564,0,0,1,trn
352375,0,0,1,trn
63195,0,0,1,trn
183390,0,0,1,trn
832423,0,1,0,trn
486386,0,0,1,trn
87903,0,0,1,trn
645469,0,0,1,trn
666910,0,0,0,trn
451038,0,0,0,trn
259110,0,0,1,trn
702196,0,0,0,trn
720409,0,0,1,trn
157860,0,0,0,trn
657586,0,0,0,trn
137839,0,0,0,trn
163330,0,0,1,trn
43865,0,0,1,trn
612347,0,0,0,trn
792648,0,0,1,trn
140772,0,0,1,trn
471461,0,0,1,trn
536260,0,0,1,trn
517408,0,0,0,trn
702354,0,0,0,trn
147895,1,0,0,trn
380763,0,0,1,trn
322558,0,0,1,trn
557555,0,0,0,trn
555125,0,0,1,trn
531938,0,0,1,trn
213729,0,0,0,trn
616121,0,0,1,trn
612518,0,0,1,trn
598005,1,0,0,trn
580437,0,0,1,trn
626345,0,0,0,trn
359545,0,0,0,trn
578332,0,0,1,trn
766382,0,0,0,trn
21671,0,0,0,trn
799563,0,0,0,trn
783338,0,0,0,trn
340620,0,0,1,trn
269586,0,0,0,trn
290789,0,0,0,trn
658051,0,0,1,trn
322751,0,0,1,trn
560406,0,0,0,trn
637333,0,0,1,trn
990270,0,0,0,trn
905273,0,0,1,trn
619758,0,0,1,trn
774154,0,0,1,trn
476060,0,0,0,trn
262809,0,0,1,trn
366461,0,0,0,trn
110485,0,0,1,trn
210461,0,0,0,trn
549911,0,0,1,trn
354884,0,0,1,trn
22005,0,0,1,trn
603301,0,0,0,trn
142197,0,0,0,trn
581322,0,0,0,trn
984122,0,0,0,trn
390775,0,0,0,trn
949343,0,0,0,trn
154477,0,0,1,trn
115524,0,0,1,trn
856541,0,0,1,trn
961989,0,0,0,trn
334339,0,0,0,trn
864673,0,0,0,trn
467618,0,0,0,trn
578540,0,0,0,trn
881266,0,0,0,trn
157695,0,0,0,trn
398741,0,0,1,trn
543507,0,0,0,trn
947109,0,0,0,trn
868275,0,0,0,trn
226687,0,0,0,trn
680874,0,0,1,trn
668306,0,0,0,trn
843914,0,0,0,trn
797933,0,0,0,trn
502834,0,0,0,trn
970445,0,0,0,trn
572838,1,0,0,trn
502608,0,0,0,trn
270423,0,0,1,trn
417219,0,0,0,trn
507563,0,0,1,trn
553837,0,0,1,trn
342395,0,0,0,trn
852376,0,0,1,trn
315360,0,0,1,trn
552064,0,0,0,trn
703206,0,0,0,trn
144422,0,0,1,trn
613258,0,0,1,trn
993677,0,0,0,trn
1930,0,0,0,trn
716631,0,0,1,trn
557388,1,0,0,trn
584323,0,0,0,trn
332445,0,0,0,trn
733031,0,0,1,trn
359652,0,0,0,trn
850080,0,0,0,trn
542818,0,0,0,trn
604342,0,0,1,trn
749105,0,0,0,trn
532858,0,0,1,trn
541285,0,0,1,trn
894333,0,0,0,trn
253949,0,0,1,trn
849033,0,0,1,trn
98600,0,0,0,trn
16481,0,0,0,trn
958037,0,0,0,trn
571508,0,0,0,trn
516031,0,0,1,trn
338269,0,0,1,trn
324348,0,0,0,trn
548431,0,0,1,trn
114014,0,0,0,trn
955259,0,0,1,trn
96686,0,0,0,trn
948302,0,0,1,trn
551051,0,0,1,trn
984145,1,0,0,trn
727152,0,0,1,trn
958830,0,0,1,trn
898747,0,0,0,trn
241406,0,0,1,trn
270065,0,0,1,trn
521499,0,0,0,trn
963841,0,0,1,trn
507012,0,0,0,trn
292137,0,0,1,trn
662277,0,0,0,trn
540993,0,0,0,trn
573439,0,0,1,trn
954028,0,0,0,trn
470217,0,0,0,trn
617166,0,0,0,trn
859792,0,0,1,trn
912181,1,0,0,trn
386066,0,0,1,trn
884559,0,0,0,trn
916203,1,0,0,trn
588632,0,0,0,trn
719314,0,0,0,trn
23503,0,0,1,trn
898194,0,0,1,trn
782731,0,0,1,trn
236195,0,0,0,trn
538949,0,0,0,trn
730679,0,0,1,trn
51268,0,0,0,trn
863669,0,0,0,trn
844680,0,0,0,trn
363574,0,0,1,trn
428778,0,0,0,trn
680992,0,0,0,trn
22194,0,0,1,trn
976475,0,0,0,trn
932265,0,0,1,trn
763914,0,0,0,trn
528682,0,0,0,trn
568235,0,0,0,trn
189572,0,0,1,trn
904345,0,0,1,trn
725007,0,0,0,trn
310219,0,0,1,trn
834381,1,0,0,trn
467760,0,0,0,trn
948068,0,0,0,trn
918098,0,0,0,trn
950951,0,0,0,trn
739688,0,0,1,trn
322357,0,0,0,trn
81044,0,0,1,trn
95228,1,0,0,trn
528451,0,0,1,trn
210111,0,0,0,trn
933757,0,0,1,trn
558875,0,0,0,trn
714340,0,0,0,trn
805151,0,0,0,trn
264745,0,0,0,trn
34935,0,0,1,trn
853561,0,0,1,trn
650130,0,0,1,trn
795192,0,0,1,trn
970018,0,1,0,trn
644597,0,0,0,trn
723208,0,0,1,trn
867925,0,0,1,trn
932583,0,0,1,trn
578198,1,0,0,trn
866162,0,0,0,trn
670552,0,0,0,trn
215254,0,0,1,trn
200455,0,0,0,trn
562782,0,0,1,trn
902708,0,0,0,trn
403861,0,0,0,trn
503442,0,0,1,trn
42373,0,0,0,trn
694289,0,0,1,trn
899917,0,0,0,trn
166662,1,0,0,trn
429748,0,0,1,trn
937194,0,0,0,trn
198707,0,0,1,trn
402106,0,0,0,trn
307997,0,0,0,trn
822635,0,0,0,trn
868546,0,0,0,trn
552134,0,0,1,trn
771605,0,0,1,trn
815855,0,0,1,trn
451940,0,0,1,trn
65179,0,0,1,trn
45774,0,0,0,trn
568088,0,0,0,trn
598334,0,0,0,trn
785388,0,0,1,trn
950110,0,0,0,trn
853951,0,0,0,trn
375830,0,1,0,trn
372264,0,0,0,trn
475902,0,1,0,trn
953977,0,0,1,trn
692865,1,0,0,trn
316310,1,0,0,trn
472213,0,0,1,trn
598766,0,0,0,trn
234535,0,0,1,trn
709421,0,0,0,trn
80657,0,0,1,trn
337176,0,0,1,trn
30277,0,0,0,trn
505368,0,0,0,trn
616983,0,0,0,trn
734453,0,0,0,trn
865266,0,0,0,trn
361283,0,0,1,trn
899091,0,0,0,trn
356301,0,0,1,trn
987974,0,0,0,trn
869439,0,0,1,trn
738549,0,0,1,trn
908446,0,0,1,trn
452398,0,0,0,trn
940948,0,0,1,trn
656463,0,0,0,trn
721961,0,0,0,trn
295042,0,0,1,trn
544568,0,0,1,trn
913508,0,0,1,trn
893658,0,0,0,trn
801904,0,0,0,trn
985965,0,0,1,trn
900978,0,0,1,trn
217373,0,0,0,trn
462055,0,0,1,trn
962217,1,0,0,trn
233724,0,0,1,trn
739760,0,0,0,trn
165995,0,0,0,trn
586227,1,0,0,trn
548501,0,0,0,trn
687764,1,0,0,trn
279072,1,0,0,trn
957963,1,0,0,trn
690861,0,0,0,trn
586445,0,0,1,trn
404689,0,0,1,trn
481145,0,0,0,trn
440671,0,0,0,trn
423656,1,0,0,trn
902524,0,0,1,trn
895350,0,0,0,trn
154857,0,0,0,trn
442192,0,0,1,trn
901528,0,0,0,trn
177403,0,0,0,trn
365998,0,0,0,trn
306607,1,0,0,trn
922628,0,0,0,trn
387463,0,0,0,trn
505943,1,0,0,trn
758411,0,0,1,trn
237358,0,0,1,trn
133175,0,0,1,trn
545015,0,0,1,trn
656496,0,0,0,trn
910214,1,0,0,trn
635301,0,0,1,trn
118243,0,0,0,trn
782342,0,0,1,trn
196365,1,0,0,trn
462396,0,0,0,trn
131389,0,0,0,trn
149007,0,0,0,trn
928600,0,0,0,trn
187255,0,0,1,trn
678400,0,0,0,trn
666481,0,0,0,trn
570716,0,0,0,trn
825747,0,0,1,trn
265603,0,0,0,trn
158098,0,0,0,trn
276135,0,0,0,trn
52017,0,1,0,trn
523476,1,0,0,trn
810860,0,0,1,trn
833653,0,0,0,trn
131408,0,0,0,trn
212669,0,0,1,trn
108715,0,1,0,trn
673232,0,0,1,trn
18320,0,0,0,trn
790500,0,0,0,trn
639628,1,0,0,trn
525512,0,0,0,trn
294137,0,0,1,trn
857575,0,0,1,trn
893575,0,0,1,trn
977272,0,0,1,trn
510162,0,0,0,trn
566101,0,0,0,trn
559343,0,0,0,trn
459548,0,0,0,trn
181738,0,0,0,trn
566838,0,0,1,trn
384940,0,0,1,trn
121140,1,1,0,trn
583625,0,0,1,trn
97444,1,0,0,trn
213669,0,0,1,trn
457463,1,1,0,trn
722321,0,0,0,trn
415378,0,0,0,trn
217086,0,0,1,trn
330387,1,0,0,trn
284580,0,0,0,trn
202959,0,0,0,trn
148671,0,0,1,trn
397057,0,0,0,trn
699397,0,0,0,trn
217388,0,0,0,trn
548832,0,0,0,trn
554214,1,0,0,trn
11689,0,0,0,trn
411343,1,0,0,trn
340192,0,0,0,trn
651951,0,0,1,trn
708960,0,0,1,trn
82263,0,0,1,trn
342015,0,0,0,trn
75336,0,0,0,trn
711752,0,0,0,trn
551997,0,0,0,trn
488983,1,0,0,trn
756901,1,0,0,trn
291292,0,0,1,trn
852032,0,0,1,trn
889296,0,0,1,trn
498843,0,0,1,trn
953967,0,0,1,trn
14559,0,0,0,trn
364205,0,0,1,trn
263495,0,0,1,trn
915763,0,0,1,trn
459621,0,0,0,trn
618583,0,0,1,trn
951698,0,0,1,trn
814058,0,0,0,trn
429089,0,0,1,trn
333539,0,0,0,trn
141751,0,0,0,trn
516847,0,0,1,trn
914705,0,0,1,trn
935600,0,0,1,trn
256230,0,0,1,trn
17868,0,0,1,trn
429323,0,0,1,trn
792859,0,0,0,trn
140475,0,0,1,trn
606151,0,0,1,trn
767370,0,0,1,trn
639163,0,0,1,trn
391960,0,0,1,trn
504705,0,0,0,trn
990932,1,0,0,trn
755941,0,0,0,trn
234451,0,0,0,trn
492099,0,0,1,trn
755786,1,0,0,trn
584627,0,0,1,trn
909154,0,0,0,trn
201479,0,0,1,trn
164796,0,0,1,trn
656989,0,0,0,trn
392112,0,0,1,trn
102090,0,0,0,trn
676320,0,0,0,trn
865633,0,0,0,trn
876147,0,0,1,trn
961722,0,0,1,trn
709735,1,0,0,trn
295268,0,0,1,trn
28478,0,0,0,trn
362078,1,0,0,trn
364938,0,0,1,trn
830182,0,0,1,trn
46325,0,0,0,trn
514966,0,0,0,trn
543810,0,0,0,trn
223160,1,0,0,trn
268261,0,0,0,trn
554698,0,0,0,trn
895998,0,0,1,trn
615348,0,0,1,trn
463797,0,0,0,trn
170008,0,0,1,trn
439080,0,0,0,trn
925308,0,0,0,trn
261042,0,0,0,trn
480887,0,0,0,trn
13560,0,0,1,trn
926305,0,0,0,trn
347387,0,0,0,trn
492664,0,0,1,trn
688860,0,0,1,trn
518803,0,0,0,trn
367203,0,0,0,trn
520413,0,0,0,trn
885563,0,0,0,trn
442702,0,0,1,trn
979752,0,0,0,trn
629389,0,0,0,trn
402930,0,0,1,trn
340089,0,0,0,trn
542757,0,0,0,trn
485997,0,0,0,trn
749454,0,0,0,trn
74205,1,0,0,trn
270373,0,0,1,trn
964143,0,0,1,trn
578048,0,0,1,trn
961441,0,0,1,trn
112055,0,0,0,trn
138345,0,0,1,trn
805094,0,0,0,trn
675266,0,0,1,trn
369052,0,0,1,trn
78306,1,0,0,trn
206444,0,0,0,trn
489699,0,0,0,trn
342410,0,0,1,trn
285813,0,0,1,trn
11572,0,0,0,trn
800021,0,0,0,trn
847473,0,0,1,trn
464653,0,0,0,trn
512205,0,0,1,trn
134345,0,0,0,trn
583866,0,0,0,trn
879353,0,0,1,trn
860088,0,0,0,trn
250218,0,0,0,trn
951107,0,0,0,trn
382460,0,0,0,trn
601910,0,0,1,trn
150966,0,0,1,trn
422409,0,0,0,trn
484479,0,0,1,trn
659551,0,0,1,trn
969256,0,0,0,trn
408113,0,0,0,trn
725415,0,0,1,trn
117286,0,0,0,trn
407178,0,0,1,trn
399268,0,0,0,trn
913073,0,0,1,trn
411588,0,0,0,trn
918868,0,0,0,trn
747379,0,0,0,trn
416922,0,0,0,trn
567390,0,0,1,trn
514792,0,0,1,trn
573433,0,0,0,trn
669858,0,0,0,trn
978351,0,0,0,trn
724515,0,0,1,trn
3750,0,0,1,trn
724320,0,0,1,trn
68312,0,0,0,trn
338931,0,0,0,trn
831094,0,1,0,trn
410828,0,0,0,trn
527747,0,0,1,trn
490101,1,0,0,trn
513247,0,0,1,trn
498966,0,0,1,trn
714114,0,0,0,trn
420723,0,1,0,trn
682341,0,0,1,trn
525493,0,0,1,trn
93609,0,0,0,trn
971696,0,0,0,trn
981192,0,0,1,trn
488947,1,0,0,trn
460293,0,0,1,trn
89250,0,0,1,trn
211379,1,0,0,trn
292676,0,0,1,trn
40322,0,1,0,trn
238596,0,0,0,trn
340872,1,0,0,trn
86357,0,0,1,trn
856206,0,0,0,trn
677352,0,0,0,trn
328443,1,0,0,trn
363830,0,0,0,trn
5147,0,0,0,trn
632141,1,0,0,trn
25016,0,0,1,trn
800870,1,0,0,trn
225045,0,0,1,trn
183680,0,0,0,trn
500355,0,0,1,trn
870217,0,0,1,trn
914436,0,0,0,trn
6116,0,0,1,trn
637986,1,0,0,trn
916302,0,0,0,trn
290627,0,0,0,trn
484776,0,0,0,trn
938644,0,0,1,trn
395289,0,0,0,trn
986527,0,0,0,trn
899049,0,0,1,trn
759263,0,0,1,trn
349136,0,0,0,trn
124737,0,0,1,trn
678076,0,0,1,trn
58249,0,0,1,trn
374424,0,0,1,trn
960858,1,0,0,trn
951821,0,0,1,trn
629768,0,0,1,trn
336816,0,0,0,trn
8485,0,0,1,trn
524827,0,0,0,trn
365888,0,0,0,trn
772807,0,0,0,trn
301262,1,0,0,trn
539179,0,0,1,trn
560965,1,0,0,trn
331715,0,0,1,trn
633977,0,0,0,trn
540626,0,0,0,trn
438599,0,0,1,trn
820373,0,0,1,trn
800175,1,0,0,trn
569786,0,0,0,trn
702927,0,0,0,trn
421060,0,0,0,trn
683219,0,0,1,trn
336947,0,0,0,trn
361875,0,0,1,trn
597723,0,0,1,trn
136076,0,0,1,trn
399358,0,0,0,trn
156840,0,0,0,trn
311028,0,0,0,trn
546006,1,0,0,trn
528019,0,0,0,trn
433919,0,0,1,trn
594236,0,0,1,trn
179653,0,0,0,trn
523355,0,0,0,trn
774578,0,0,0,trn
780608,0,0,0,trn
5442,0,0,0,trn
715193,0,0,1,trn
335569,0,0,1,trn
383462,0,0,1,trn
361397,0,0,0,trn
76243,0,0,1,trn
567649,0,0,0,trn
594570,0,0,1,trn
479038,0,0,1,trn
532161,0,0,0,trn
480645,0,0,0,trn
769809,0,0,0,trn
745215,0,0,1,trn
409822,0,0,0,trn
748015,0,0,0,trn
684669,0,0,0,trn
127430,0,0,1,trn
559812,0,0,1,trn
257991,0,0,0,trn
586656,0,0,1,trn
790340,0,0,1,trn
682484,0,0,1,trn
34279,0,0,1,trn
460179,0,0,1,trn
555921,0,0,1,trn
685301,0,0,0,trn
436488,0,0,0,trn
680585,0,0,0,trn
608106,0,0,0,trn
429304,0,0,0,trn
133841,0,0,1,trn
575005,0,0,1,trn
291333,1,0,0,trn
71473,0,0,1,trn
662854,0,0,0,trn
65627,0,0,1,trn
794928,0,0,1,trn
563247,0,0,0,trn
407709,0,0,0,trn
45169,0,0,1,trn
625666,0,0,1,trn
573078,0,0,1,trn
390818,0,0,0,trn
330213,0,0,1,trn
766844,0,0,1,trn
214398,0,1,0,trn
515271,0,0,0,trn
216596,0,0,1,trn
632595,0,0,0,trn
617881,1,0,0,trn
441767,0,0,1,trn
154522,0,0,1,trn
609370,0,0,1,trn
335254,0,0,1,trn
696344,0,0,1,trn
445986,0,0,0,trn
385742,0,0,1,trn
65919,0,0,1,trn
773317,0,0,1,trn
508007,0,0,1,trn
831358,0,0,1,trn
803936,0,0,0,trn
143037,0,0,1,trn
365345,0,0,1,trn
23484,0,0,1,trn
784222,0,0,1,trn
6891,0,0,1,trn
698274,1,0,0,trn
344561,0,0,0,trn
831849,1,0,0,trn
413414,0,0,0,trn
299684,0,0,1,trn
289761,0,0,0,trn
64165,0,0,1,trn
153877,0,0,0,trn
789001,0,0,0,trn
331996,0,1,0,trn
835119,0,0,0,trn
60419,0,0,0,trn
707844,1,0,0,trn
657206,0,0,0,trn
171531,1,0,0,trn
771310,0,0,0,trn
159987,0,0,0,trn
735391,0,0,1,trn
4189,0,0,1,trn
307716,0,0,0,trn
55570,0,0,0,trn
16042,0,0,1,trn
68221,0,0,1,trn
114879,0,0,1,trn
425154,0,0,1,trn
487579,0,0,1,trn
296301,0,0,1,trn
193458,0,0,0,trn
299041,0,0,1,trn
587337,0,0,0,trn
639281,0,0,0,trn
524858,0,0,1,trn
502715,0,0,1,trn
433155,0,0,1,trn
291311,1,0,0,trn
146277,0,0,0,trn
457607,0,0,0,trn
597072,0,0,0,trn
542199,0,0,0,trn
587934,0,0,1,trn
95249,0,0,1,trn
731170,0,0,1,trn
803425,1,0,0,trn
653912,0,0,1,trn
661750,0,0,0,trn
478367,0,0,1,trn
293666,0,0,1,trn
765357,0,0,1,trn
548348,0,0,1,trn
121847,0,0,0,trn
768176,0,0,1,trn
587120,0,0,1,trn
540215,0,0,1,trn
580725,0,0,1,trn
757152,0,0,1,trn
247394,0,0,1,trn
338253,0,0,1,trn
510910,1,0,0,trn
812538,0,0,0,trn
765207,0,0,0,trn
276521,0,0,1,trn
619951,0,0,1,trn
320210,0,0,1,trn
565795,0,0,0,trn
509846,0,0,1,trn
699346,0,0,1,trn
585634,0,0,1,trn
786213,0,0,0,trn
444943,0,0,0,trn
125609,0,0,1,trn
696191,0,0,1,trn
512798,0,0,1,trn
518856,0,0,1,trn
554729,0,0,1,trn
116159,0,0,1,trn
496713,0,0,1,trn
50915,0,0,0,trn
687442,1,0,0,trn
179535,1,1,0,trn
588956,0,0,1,trn
720614,0,0,1,trn
530250,0,0,0,trn
190551,0,0,0,trn
237301,0,0,1,trn
556152,0,0,1,trn
652781,0,0,1,trn
85129,0,0,1,trn
561632,0,0,1,trn
695335,0,0,0,trn
282860,0,0,1,trn
174298,0,0,1,trn
784965,0,0,0,trn
788564,0,0,1,trn
723686,0,0,1,trn
714022,0,0,0,trn
660923,0,0,1,trn
283512,0,0,1,trn
338704,0,0,0,trn
633202,1,0,0,trn
230033,0,0,0,trn
585576,0,0,0,trn
372606,1,0,0,trn
726778,0,0,1,trn
732555,0,0,1,trn
589978,0,0,1,trn
483943,0,0,0,trn
164421,0,0,1,trn
682754,0,0,1,trn
48985,0,0,0,trn
812818,1,0,0,trn
695458,0,0,0,trn
222668,0,0,1,trn
546669,0,0,1,trn
388026,0,1,0,trn
179932,0,0,0,trn
368868,0,0,1,trn
762269,0,0,1,trn
273356,0,0,1,trn
105803,0,0,1,trn
123427,0,0,1,trn
143851,0,0,1,trn
47625,0,0,0,trn
626359,0,0,0,trn
11751,1,0,0,trn
48602,0,0,1,trn
13480,0,0,1,trn
434616,0,0,1,trn
453654,0,1,0,trn
470807,0,0,1,trn
181353,0,0,0,trn
583451,1,0,0,trn
294130,0,0,1,trn
163022,0,0,0,trn
751301,0,0,0,trn
364899,0,0,0,trn
745183,0,0,0,trn
393423,0,0,1,trn
605957,0,0,0,trn
670157,0,0,1,trn
658177,0,1,0,trn
262853,0,0,0,trn
507395,0,0,1,trn
181240,0,0,1,trn
347557,0,0,0,trn
502209,0,0,1,trn
157056,0,0,0,trn
685201,0,0,0,trn
835229,0,0,0,trn
777695,0,0,0,trn
633927,0,0,0,trn
159567,0,0,1,trn
29020,0,0,0,trn
715352,0,0,0,trn
760183,1,0,0,trn
1999114,0,0,1,val
1172507,0,0,0,val
1976205,0,0,0,val
1014870,0,0,0,val
1495489,0,0,1,val
1169766,0,0,1,val
1983118,0,0,0,val
606100,1,0,0,val
1831451,0,0,1,val
309919,0,0,0,val
252118,0,0,1,val
235051,0,1,0,val
1233415,0,0,0,val
1312870,0,0,0,val
854810,0,0,1,val
2157877,0,0,0,val
898083,0,0,1,val
1354752,0,0,0,val
1265321,0,0,1,val
1494309,0,0,0,val
2377865,0,0,1,val
1007193,0,0,0,val
2289413,1,0,0,val
866881,0,0,1,val
899590,1,1,0,val
2389075,0,0,0,val
2037626,0,0,1,val
812470,0,0,1,val
2191531,0,0,0,val
1138641,0,0,1,val
2040142,0,0,1,val
450091,0,0,1,val
1707397,0,0,1,val
1311712,0,0,0,val
1953942,0,0,1,val
2153681,1,0,0,val
101714,0,0,0,val
952808,0,0,1,val
376265,0,0,1,val
492676,1,1,0,val
80611,0,0,1,val
1189679,0,0,0,val
367655,0,0,0,val
1926705,0,0,1,val
916413,0,0,0,val
1462336,1,0,0,val
837306,0,0,0,val
511923,1,1,0,val
654406,0,0,1,val
948150,0,0,1,val
918944,0,0,1,val
46474,0,0,1,val
714681,0,0,1,val
824618,0,0,1,val
918793,0,0,0,val
60556,0,1,0,val
939923,0,0,1,val
117046,0,0,1,val
720017,0,0,1,val
682399,0,0,0,val
63497,0,0,1,val
472811,0,0,0,val
310646,0,1,0,val
222101,0,0,1,val
827156,0,0,0,val
1490831,1,1,0,val
275349,0,0,0,val
550898,0,0,1,val
904212,1,0,0,val
919948,0,0,0,val
374377,0,0,1,val
649797,0,0,1,val
2237429,0,0,1,val
2316641,0,0,1,val
201495,0,0,1,val
2072078,0,0,0,val
1509310,0,1,0,val
232567,0,0,0,val
2040010,0,0,1,val
1521421,0,0,0,val
1592092,0,0,0,val
176228,0,0,0,val
2176165,0,0,1,val
1473250,0,0,1,val
1489921,1,1,0,val
1024943,0,0,0,val
1593902,0,0,0,val
83921,0,0,0,val
911262,0,0,1,val
856683,0,0,1,val
568931,0,0,1,val
227380,0,0,1,val
490677,0,0,0,val
1179810,0,0,1,val
1884654,0,0,1,val
2311902,0,0,0,val
2351082,0,0,1,val
1637966,0,0,1,val
2298325,0,0,0,val
84336,0,0,0,val
1687819,0,0,1,val
202176,0,0,1,val
1675815,0,0,0,val
936188,0,0,1,val
1043478,1,0,0,val
2110251,0,0,1,val
2077909,0,0,1,val
1930756,0,0,0,val
614511,1,0,0,val
1504606,0,0,0,val
916397,0,0,0,val
381876,0,0,0,val
2121417,0,0,1,val
1911647,0,0,1,val
655559,0,0,0,val
821657,0,0,1,val
1493031,0,0,1,val
1709929,0,0,1,val
594903,0,0,1,val
611135,0,0,1,val
913197,0,0,1,val
788195,0,0,0,val
544972,0,0,1,val
580199,0,0,1,val
1789322,0,0,1,val
2174978,0,0,1,val
937736,0,0,1,val
1141091,0,0,0,val
591710,0,0,1,val
1660096,0,0,1,val
1966752,0,0,0,val
2342261,0,0,1,val
1676066,0,0,1,val
862341,0,0,1,val
2042975,0,0,1,val
887866,0,0,1,val
2077788,1,0,0,val
1260901,0,0,1,val
2118414,0,0,0,val
838480,0,0,1,val
1771277,0,0,1,val
1049011,0,0,0,val
2132788,0,0,0,val
1268471,0,0,0,val
2102927,1,0,0,val
241451,0,0,1,val
1590941,0,0,1,val
134869,0,0,1,val
921131,0,0,1,val
1868631,0,0,1,val
865059,0,0,1,val
1375153,0,0,0,val
1683732,0,0,1,val
189709,0,0,1,val
967135,0,0,0,val
2341849,0,0,0,val
1539086,0,0,1,val
696600,0,0,0,val
2240608,0,0,1,val
418719,0,0,0,val
1802149,0,0,0,val
512068,0,0,1,val
531810,1,0,0,val
1014139,0,0,1,val
752072,0,0,0,val
496085,0,0,0,val
627335,0,0,1,val
1438167,0,0,0,val
675351,1,1,0,val
1597257,0,0,1,val
2104945,1,0,0,val
1199749,0,0,1,val
136592,0,0,1,val
2313553,1,0,0,val
1726230,0,0,1,val
1161641,1,1,0,val
467476,0,0,1,val
1435463,0,0,0,val
1834848,0,0,1,val
343387,0,0,0,val
870365,0,0,0,val
934333,0,1,0,val
852202,0,0,1,val
637186,0,0,1,val
1777046,0,0,0,val
2070973,0,1,0,val
1522194,0,0,1,val
1533966,0,0,0,val
544267,0,0,1,val
864537,0,0,1,val
777003,0,0,1,val
658227,0,0,0,val
326379,1,0,0,val
820697,0,0,1,val
371919,0,0,1,val
945302,0,0,0,val
541991,0,0,0,val
559757,0,0,0,val
157257,0,0,0,val
255484,1,0,0,val
987798,0,0,1,val
206533,1,0,0,val
483934,0,0,1,val
513667,0,0,0,val
897969,0,1,0,val
538737,0,1,0,val
750749,1,0,0,val
356385,0,0,0,val
691396,0,0,0,val
677606,0,0,0,val
398594,0,0,0,val
819969,1,0,0,val
602745,1,1,0,val
876563,1,1,0,val
191390,0,0,0,val
755960,0,0,0,val
398803,0,0,1,val
364053,0,0,0,val
457621,0,0,1,val
467339,0,0,1,val
380237,1,0,0,val
765030,0,0,1,val
202646,0,0,1,val
599896,1,0,0,val
590071,0,0,1,val
772118,0,0,1,val
601161,0,0,1,val
237428,0,0,1,val
293551,0,0,1,val
575016,0,0,1,val
432096,0,0,1,val
104667,0,0,1,val
785090,0,0,0,val
835975,0,0,0,val
646309,0,0,1,val
127587,0,0,1,val
187601,0,0,0,val
384461,1,0,0,val
414466,0,0,1,val
976570,0,0,1,val
77728,1,0,0,val
728870,0,0,0,val
585068,0,0,1,val
604674,0,0,1,val
123593,0,0,0,val
640808,0,0,1,val
176447,0,0,0,val
603693,0,0,1,val
664595,0,0,1,val
814050,0,0,1,val
870820,0,0,0,val
718351,0,0,1,val
889555,0,0,0,val
873335,0,0,0,val
445234,1,0,0,val
340524,0,0,1,val
629556,0,0,1,val
569498,0,0,0,val
577694,0,0,0,val
648755,0,0,1,val
643574,0,0,1,val
854306,0,0,0,val
42305,1,1,0,val
742499,0,0,0,val
705131,0,0,1,val
599790,0,0,1,val
2537,1,1,0,val
45026,1,0,0,val
497965,0,0,1,val
386542,0,1,0,val
330111,1,1,0,val
687863,0,0,0,val
367706,0,0,1,val
563113,0,0,0,val
845768,1,1,0,val
770698,0,0,0,val
688249,0,0,1,val
891173,0,0,0,val
522642,0,0,0,val
756517,0,0,1,val
388869,0,0,0,val
126875,1,0,0,val
109787,0,0,0,val
624544,0,0,0,val
955556,0,0,0,val
963126,1,0,0,val
746451,0,0,0,val
579235,0,0,1,val
25101,0,0,0,val
721731,0,0,1,val
406488,0,0,1,val
927457,0,0,1,val
336594,0,0,0,val
156494,0,0,0,val
774732,0,0,1,val
323840,0,0,1,val
411136,0,0,0,val
519951,0,0,0,val
367379,0,0,0,val
16433,1,0,0,val
732014,1,0,0,val
298235,1,0,0,val
613312,1,0,0,val
539061,0,0,1,val
460409,0,0,0,val
747821,0,0,1,val
359425,0,0,0,val
664430,0,0,1,val
168006,1,1,0,val
648470,0,0,0,val
455406,0,0,0,val
823691,0,0,0,val
28665,0,0,0,val
794160,0,0,1,val
594841,0,0,1,val
382048,0,0,0,val
598587,0,0,1,val
331986,0,0,1,val
815310,0,0,0,val
693650,0,0,0,val
805422,0,0,0,val
557652,0,1,0,val
894888,0,0,0,val
350645,0,0,1,val
886001,0,0,0,val
409128,0,0,0,val
538435,0,0,1,val
191161,0,0,1,val
41187,0,0,0,val
871178,0,0,0,val
175544,0,0,0,val
598538,0,0,0,val
661247,0,1,0,val
874490,0,1,0,val
327197,0,0,1,val
439293,0,0,1,val
429211,0,0,0,val
191366,0,0,0,val
844711,0,0,1,val
258922,0,0,0,val
687495,0,0,1,val
617688,1,0,0,val
161702,0,0,0,val
261818,0,0,0,val
115175,1,0,0,val
621452,0,0,1,val
629062,0,0,0,val
317975,0,0,1,val
749366,0,0,1,val
338293,0,0,1,val
395921,0,0,0,val
508850,0,0,1,val
699659,1,1,0,val
58809,1,1,0,val
200235,0,0,0,val
317181,0,0,1,val
131011,0,0,1,val
430622,0,0,0,val
676213,0,0,1,val
677830,1,0,0,val
720883,0,0,1,val
650807,0,0,1,val
455767,0,0,1,val
813279,0,0,1,val
201970,0,0,0,val
365783,0,0,1,val
369234,0,0,0,val
972047,0,0,1,val
784990,0,0,1,val
169605,0,0,1,val
677493,0,0,1,val
724974,1,0,0,val
388750,0,0,0,val
353871,0,0,1,val
330634,0,0,0,val
25102,0,0,0,val
514489,0,0,0,val
98736,0,0,1,val
676900,0,0,1,val
512307,0,0,1,val
300208,0,0,1,val
471261,0,0,1,val
344751,0,0,0,val
622832,0,0,0,val
426062,0,0,1,val
861003,0,0,0,val
1427796,0,0,1,val
